Metric,Score
Accuracy,0.8511333333333333
F1 Score,0.8512498634230945
Precision,0.8518349720838032
Recall,0.8511333333333333
