Metric,Score
Accuracy,0.8691333333333333
F1 Score,0.8692330351875044
Precision,0.8694878297773164
Recall,0.8691333333333333
