Metric,Score
Accuracy,0.8137333333333333
F1 Score,0.8138980068715292
Precision,0.8142376221530346
Recall,0.8137333333333333
