Metric,Score
Accuracy,0.8745333333333334
F1 Score,0.8746651564157842
Precision,0.8753168098128316
Recall,0.8745333333333334
