Metric,Score
Accuracy,0.8739333333333333
F1 Score,0.874092034929236
Precision,0.8742779563594498
Recall,0.8739333333333333
