Metric,Score
Accuracy,0.8520666666666666
F1 Score,0.8522304694855635
Precision,0.8526098852487691
Recall,0.8520666666666666
